ListingId;MarketplaceName;InvalidField
a0453608-9a30-4034-a62f-a0a452d0a949;AMAZON;upload_time
763c4a4a-02d2-494a-bf92-bfe99388d501;EBAY;owner_email_address
ea8f7f85-cd53-4d65-8a95-c1cae9524166;EBAY;owner_email_address
92c5d648-aae2-4bce-a585-5ee53634155c;AMAZON;listing_price
7fcc9f1b-3a83-4e1b-ad6a-dcb0b35f6e03;AMAZON;listing_status
f31bd2d7-0247-4035-9822-f12245f0a7c1;EBAY;owner_email_address
0006a2de-e004-4eeb-9468-29a0cfbece97;EBAY;listing_status
4bb80941-ceaf-4b1a-8e97-f1ece416bb3f;AMAZON;owner_email_address
6b59079c-0c94-4e91-8938-a06b9c4694d4;EBAY;owner_email_address
ebbf0eb8-7910-4bc1-b2d1-aa97338542de;AMAZON;listing_status
11b80ea6-95ea-4424-b653-fa8943c9ab84;AMAZON;upload_time
720afc2a-c959-4efb-8a15-9fb6113d05ed;EBAY;listing_status
04719564-8382-4933-a69a-a498d7139e97;EBAY;listing_status
837d13b7-8536-4573-a505-1a2c9662e158;EBAY;owner_email_address
a518947a-6d71-4ff1-9137-9ecc2c9b2b14;EBAY;upload_time
5a3f0c80-fbb8-4713-a81d-cd736cd3c11b;AMAZON;listing_status
2f482cf2-727a-45a7-992d-a30abc12e666;EBAY;listing_status
11dee1e3-e97e-4cfa-8e9b-84848f38fcb1;EBAY;listing_status
1cab8d06-755f-4098-b827-02d8c5bf1a4c;EBAY;owner_email_address
2642e18f-7513-4691-9ec7-feb1c4a703a9;EBAY;upload_time
67a4cfc3-2613-423d-b28c-b4ebe22d6fc4;AMAZON;listing_price
67c311ab-5f88-4b99-8e1b-30b136710e9b;EBAY;upload_time
25289b09-6c43-4fe7-b547-0b30d232b149;EBAY;owner_email_address
4f4e042f-a2cd-4188-a9e3-5f153c0736d8;AMAZON;listing_status
8f54a1f9-b49f-4121-887a-832dca55cc14;EBAY;owner_email_address
3046b8a2-1230-4347-bbfb-8911377ebabc;AMAZON;listing_status
df588ff6-83f3-410e-be61-15a7493f85bc;AMAZON;listing_status
72f77dda-b45b-4c21-8433-bafbcaf2c0a4;EBAY;listing_price
e22fc61a-573a-434f-977d-8da8bb5d3073;AMAZON;listing_price
82b2b7a9-961b-42b8-9158-9c76f922c538;EBAY;owner_email_address
07f8af66-6b5d-4fe0-8406-55241ae02f23;AMAZON;listing_price
b9ef163b-ee7e-4a3a-8d75-3a29c5ffcb88;EBAY;owner_email_address
6f28780c-16f7-4bc9-b89f-619d0c312dbb;AMAZON;listing_status
0eaa9754-7119-44e8-ada5-8ec32290f581;AMAZON;owner_email_address
47be7368-d45f-4809-ad6c-a82d41ea9089;EBAY;upload_time
0fb61324-54ae-4fac-9fa9-01a2d20858dc;EBAY;listing_status
6c8d75f1-374b-4e6d-a985-25ea356801a6;EBAY;owner_email_address
067b1304-b310-44b4-8de4-fadc735cb2c1;AMAZON;listing_status
3f786e77-abce-4566-bfa4-7c9056c846d4;AMAZON;owner_email_address
027f2617-9250-450f-ab1e-4e625a8a91cc;EBAY;listing_status
5ba5ee3a-9b6b-4653-ac0f-a2adb5255629;AMAZON;upload_time
489f80f2-2b70-4a1b-9f96-c12ec91fed77;EBAY;listing_price
1b1b49b5-b29f-49d8-8c2a-94d9cf4dd7ca;AMAZON;listing_status
bc85adb6-8a1b-4ab8-a2b1-b96055ad38ed;EBAY;owner_email_address
049dd4eb-204e-4c6b-8fbc-930bc8856475;EBAY;listing_status
e3199709-72ff-4ed2-a721-15c6e503210f;EBAY;listing_status
52c53de1-dbb3-437c-a320-05ac2689b6af;EBAY;listing_status
a7487d51-cda0-4ebe-b7e3-a317f92befc2;AMAZON;listing_status
95bd2662-b0d7-4b93-b83e-b7124e8fce6a;EBAY;owner_email_address
afb6c48f-6036-4c4a-8c48-a91a3c6be38e;AMAZON;listing_status
f248688b-c1b1-490b-99dc-f82fae65c45c;EBAY;owner_email_address
060b740b-af38-43ea-a2b2-995a915a4983;EBAY;listing_status
2df1675c-110b-407e-be43-d3086632521a;AMAZON;listing_price
c7f16aa3-0e88-4692-80eb-187d7010dcc0;AMAZON;listing_status
05e6502a-6245-4a20-832b-760c88305584;AMAZON;listing_status
7d3120b9-e10a-4af8-b292-f4b9b599b37a;EBAY;listing_status
073de76a-297e-4704-8a14-dba74ead9731;AMAZON;owner_email_address
eb639b38-eef3-4b13-b392-2753ae162b04;EBAY;owner_email_address
6e37ff1f-b322-475d-ac8a-94db104053a3;AMAZON;listing_status
11a46247-0e65-48c6-8839-6a8259e58b21;EBAY;upload_time
280e6e99-f44e-4ff7-95e1-ff4e08f668bf;AMAZON;upload_time
7b5bc724-8156-4d92-8270-6d967ab299d3;AMAZON;listing_price
d43c8935-13a1-46ec-90b4-b289982b17ba;AMAZON;listing_price
7cb990bf-8677-4fcb-adef-6b0b646d5a95;EBAY;owner_email_address
da0ba20e-8b58-4149-b819-633928094bcf;EBAY;listing_price
f73da503-9636-4d52-b8ad-2e452bc916c6;EBAY;listing_price
f8926fff-6172-4959-99fe-db1844b8c8d2;AMAZON;upload_time
79c81f6b-736d-416f-8f7c-48f304f428bc;EBAY;owner_email_address
2161334a-6124-4a3a-a7d1-b93c2c06a5e1;EBAY;listing_status
e2280c4e-8987-4024-834c-d94df20f4291;AMAZON;upload_time
fdb1aeb9-0b9b-4856-89b4-14ab915fa57d;EBAY;listing_price
ec195936-8e73-4539-b7cd-c40c1a5838f2;AMAZON;listing_status
a3f29b62-ca21-4e4b-a85d-9f4377beefb5;EBAY;listing_status
9b36376f-85ef-4d17-8b96-6a33ff2bfff1;EBAY;upload_time
c9d3398b-5cdc-4217-af25-4207f2db1666;EBAY;listing_price
974e863e-17bb-4da9-b0f3-c379f0e6b732;AMAZON;listing_status
17930cb5-bdbb-44b5-abae-909238024592;EBAY;listing_status
80ad1fef-2aca-44dd-86d9-d95b507c1033;EBAY;owner_email_address
b3678169-de84-4e18-bfbf-aee8853f2a90;EBAY;owner_email_address
2d0ed46f-5499-4652-bdcb-897d9602b6d8;AMAZON;listing_status
4458b3e1-5879-4e3e-9782-73bcc03bc170;AMAZON;listing_price
a8092d47-59b1-4307-ac13-ca1c03b638c5;AMAZON;owner_email_address
7843ea86-6265-490d-b2c3-e237e4b01975;EBAY;listing_status
1e3ff086-08ae-496e-8b1d-db6335294b5b;EBAY;owner_email_address
9e7266b3-e21d-4695-b0de-cd46a7d7b5ec;EBAY;listing_price
9fbd2b6a-bb49-4187-bcee-7c170ddaa800;AMAZON;listing_status
05cc8938-5338-406d-aed3-89b6b23439a4;EBAY;listing_price
c52f0b66-8796-4183-8c17-347f025bd25e;AMAZON;listing_status
5640063b-9ea4-47c6-8b5e-82971d58eb88;AMAZON;listing_price
7978381e-a202-458f-a88c-67ffee3b3b3d;AMAZON;listing_status
2e181b00-8b85-4980-bfbe-cf414992a1e3;AMAZON;listing_status
f3b1041a-ee02-42cc-91a4-28c03d1dbcfb;AMAZON;listing_price
e6f9428e-cdc7-4822-a919-43ad64327a76;EBAY;upload_time
debd8b02-81b9-4140-97d0-3f5906a71915;EBAY;upload_time
02a0bfea-a51a-4c6b-9729-dfe72698b1eb;EBAY;listing_status
658413f0-09b5-495f-9ceb-98be8e91da53;AMAZON;owner_email_address
673a3b3c-212d-442c-932e-90e6176d3bb2;AMAZON;upload_time
57d723d4-1025-4c5b-8f93-4c9c913d7eeb;EBAY;listing_status
4b3156e7-ef8d-447f-8281-8f513b455a56;EBAY;listing_price
6ce76cb6-f615-4ae3-8b87-bb16c72ac51f;EBAY;listing_price
5584cda1-a4f2-464a-9eee-52973374d957;AMAZON;owner_email_address
0ce1b8e1-21e7-4916-a0ea-50381d761c79;EBAY;listing_status
68359004-23d8-4743-8478-04d41c280149;AMAZON;listing_price
c1e42039-b180-4a90-ab18-d45d22447d9a;EBAY;listing_status
8cc00852-de20-4bba-80cd-a49ec59ee69a;EBAY;listing_status
aa76dd5c-db85-4848-a781-45ebedae2c2a;EBAY;owner_email_address
6a43c4b0-2454-4a57-8d0f-b16a66a2d988;EBAY;owner_email_address
e2f74b49-e1ba-4751-a8d1-a8e0b572f875;AMAZON;listing_status
4e706d6b-e64c-4d2d-8ce7-7c27ba5b543e;EBAY;owner_email_address
34563261-3de8-4438-832f-327ebae1e2c7;AMAZON;listing_price
ac723811-977f-49fe-b592-67a6c290f211;EBAY;listing_status
d1db72e2-86a7-449d-a0b9-160b366bfabf;EBAY;upload_time
9cd63a96-15e9-44a9-b025-e5f5d750bbd7;EBAY;owner_email_address
81f534ae-b0bc-461e-bc65-972c16dfde6f;AMAZON;upload_time
3d5d18b8-4ec4-4c9b-963b-2202947e885a;EBAY;listing_status
afeccb8e-a4df-4279-826e-2ef0588a7cb4;EBAY;listing_status
d442573d-979d-40af-85b5-efac1c7fcf2c;EBAY;upload_time
17ecabfc-76de-4858-8a38-309422098c76;EBAY;owner_email_address
1b5d3f71-1956-4912-ac95-d4573f5d1c5e;AMAZON;owner_email_address
70583e02-816c-42ae-b8bb-febc997230b2;AMAZON;owner_email_address
48ffb008-534f-4b44-8766-d36314fdac0a;EBAY;owner_email_address
10c5b56b-7496-4dbe-b34d-a893040ae750;AMAZON;listing_price
7489b672-60d8-4254-9854-085ce8448909;EBAY;owner_email_address
90b34f37-f5d1-454c-b3c9-d37dd69c2aa9;AMAZON;listing_status
50ba849f-f4a4-4f29-b514-06566546c286;EBAY;listing_status
94accb50-61a2-4abf-8469-10bf62adb131;EBAY;listing_status
6072c3e4-997d-4593-b6f7-cb383229b413;EBAY;listing_status
93f0dcb8-cd4b-4f63-b6c7-07df87b7f52b;EBAY;listing_price
2bbe94c8-b8eb-44af-8851-039d007f1366;AMAZON;upload_time
cec859df-75a9-4aa3-ad3a-45892dabfacc;AMAZON;owner_email_address
3c2aee40-4692-4c57-88e9-2a447b6c4d55;EBAY;listing_status
5cfe9f0b-075a-4fa8-80a0-4f11662437ac;EBAY;owner_email_address
628a9bb1-cf88-4b02-b07e-4de3a189a0dd;AMAZON;listing_price
c6e96efa-b6bc-4882-96d0-34332e4cbd7f;AMAZON;listing_status
480acc29-65c9-4b04-a605-484472dca548;EBAY;listing_status
47699811-7943-4539-b23b-0d9704660940;AMAZON;owner_email_address
2ee82ee5-36d8-4c0f-81c7-6df9e7cb4e9e;EBAY;upload_time
1b96c731-d418-4e9a-b752-05bbe193a4ee;EBAY;listing_status
778adba5-6925-48bd-b00b-7f9027a8564a;EBAY;listing_price
e69289b1-0c1a-4b9b-aae3-8798e2cb5212;EBAY;upload_time
a42d7933-8c7c-44f5-b10c-ae5e259a36bd;EBAY;listing_status
9736bf12-9ea5-4c69-9a8e-a0d23da8a7c7;AMAZON;upload_time
aa097918-656f-4512-ab2b-eaa1110e0f4c;AMAZON;listing_price
e0829633-0e1a-4b29-9883-d0f937dcb802;AMAZON;listing_status
314639f5-c014-4d6e-b8f6-f39fec0c2372;EBAY;listing_status
827ff90f-57f7-424a-b371-4bd0bbee0b3f;AMAZON;listing_status
f0e2e545-34a5-4ab0-b331-de3d9049bdcc;AMAZON;listing_price
8f3b5241-1959-4969-a55b-8062b3c5c1b1;AMAZON;owner_email_address
b332d211-c09f-4b87-80e5-7ab0132c4a4c;AMAZON;listing_price
bc9758e1-d390-4289-a05d-01dde28dd549;AMAZON;listing_status
e94b39b5-758c-4d8e-8ac5-2d0603b9b926;EBAY;listing_status
160eb8a3-ff64-4368-b9d2-2a4a903eefca;AMAZON;owner_email_address
81093c26-7700-42a6-86bc-af5751913d2b;AMAZON;listing_status
1cbd3d75-5ed9-4fbe-a0e4-360df0881f33;EBAY;listing_price
3245208c-7c64-4e05-826d-db43e7ec09df;EBAY;owner_email_address
c47e9ca4-d00e-4528-aff4-6d81fb006a8a;EBAY;upload_time
c5127789-ecb9-4c49-a0b3-87c4b2e12af5;AMAZON;listing_status
f57ae627-19bf-443a-8b0e-b7b1cbc6a912;AMAZON;listing_status
dbfe81f9-9ee4-472b-94c3-3c737bc99aa2;EBAY;owner_email_address
f2a2696d-17e8-47e4-bd57-e0fcee9fecd9;AMAZON;upload_time
3b928cfc-b9bd-4d97-ad61-9e116de23ff6;AMAZON;listing_status
526bbc3d-a27f-4512-a9bf-3d8dda557989;EBAY;owner_email_address
67b83347-359d-4af1-8d2b-d8c9373e006d;EBAY;listing_price
5c99a9ac-9257-4b5c-8d56-18a9168d7745;EBAY;listing_status
6cb08b3a-5a4d-4b17-9f1c-dc373b618751;AMAZON;listing_price
58d0069e-8bb4-4b35-bc21-de273d7c60e5;EBAY;listing_status
92303f3e-fd37-4cb2-a142-e14e92fb88b7;EBAY;listing_status
3112a956-72e1-495d-a3e8-0d0b6e1569c9;AMAZON;listing_status
7d3fde7e-748b-43ea-a3a4-e21a6b43d650;AMAZON;upload_time
1a828170-86e0-4b58-8140-ae3d9e1bccae;AMAZON;listing_status
633b9c6b-c5f9-473f-82a4-bbf3b8494e56;EBAY;upload_time
b4c3e2ae-2e11-4069-af28-5108df927302;AMAZON;listing_price
6f29b55e-2c72-4d4b-b3b9-1b5b2586e661;EBAY;owner_email_address
156ec997-6c66-4e09-85f6-d1179c8c08d4;EBAY;upload_time
d596497a-dfbe-46d7-9c2e-9c3455a1d595;AMAZON;listing_status
3aa936e0-3160-4cd6-92a1-7b302c354b9b;EBAY;listing_status
37efc24c-c402-4b51-a43b-6a063f97562f;AMAZON;listing_price
80df7ba2-4c6b-4664-a606-3652402a7ae3;AMAZON;listing_status
ce4cd88d-8514-46e0-8b57-ff0496f0a37b;EBAY;owner_email_address
4e228deb-4916-4272-a6aa-7575e2cba2ba;AMAZON;owner_email_address
3e7eb570-ab19-4da7-a6b3-babac333a04e;AMAZON;listing_status
67c2c8ca-1a77-48fb-95e7-8b3b328e1448;AMAZON;listing_price
d2a336b6-09b6-4359-a0cf-0cf0ab71f31e;AMAZON;owner_email_address
582ff613-a452-431d-b970-4933814d9115;EBAY;listing_status
a1a732ee-79a8-4716-91b9-4455dca274af;EBAY;listing_status
1aa5e364-3f5e-499c-9366-2422aa862bda;AMAZON;listing_price
27ef1e23-5928-4dae-9b93-117caee80bd1;AMAZON;listing_status
27b7f3d3-8546-44cc-8046-ae34956f0cec;EBAY;listing_price
390f4905-3756-40a3-85d5-f13133eaefe4;AMAZON;listing_status
3527f423-2e99-44ce-bca0-10e63101af7a;AMAZON;owner_email_address
8ecbd4d4-4096-47ad-9b47-1777c14b34f3;EBAY;owner_email_address
e5409986-62d0-4257-a5a8-860cf46a01d7;AMAZON;upload_time
579ac4df-14ea-4fbb-8cd1-8953b2fa4482;AMAZON;listing_status
d8e17870-11c9-47d3-af2a-1743d58ce8b6;AMAZON;listing_status
2ea56bd0-4494-4740-8ce1-8d9fd937b6d7;EBAY;listing_status
43ba9257-b993-435a-b3d3-928289248236;AMAZON;listing_status
b7992667-f802-4284-bbd0-72fbfc2e076d;EBAY;owner_email_address
b4c93674-4093-4f61-9539-9c46e68882eb;AMAZON;listing_status
3e61d439-9d72-470c-8b5c-bbc577dc3819;EBAY;listing_status
a950af9e-980c-41b4-b2e0-0701f51e41bc;AMAZON;upload_time
56c2dcbb-bcc4-4f8e-9d4a-c5bd677dc18b;AMAZON;listing_status
13db5804-fc28-44cd-a902-9eb4b61cc0b6;AMAZON;listing_status
2e81ccb7-ecf2-4e25-b724-54b7ce237314;AMAZON;listing_status
1f7f6fc1-7cb3-4906-b4bb-83b87b9a5401;AMAZON;listing_price
d7195c5e-a4f2-4f77-948f-d5ef410a4744;EBAY;owner_email_address
5b9ae414-17be-4e19-bc68-5b965c61bc04;AMAZON;listing_status
1bd1e478-370f-4b78-8744-2dd70fd541d6;AMAZON;listing_status
21ddb581-bd6b-4d17-870d-3d978b3cb8f5;AMAZON;listing_status
6edd0666-8595-4fa1-b168-6e92eb62bba2;EBAY;listing_status
5df48f49-b5e7-4841-a7dc-e98def644ef2;AMAZON;owner_email_address
ede0ddd5-eb8c-41b4-9aca-0a4b233c26ff;AMAZON;owner_email_address
af67f2fa-5f37-47a3-aa2c-07cf9fa97529;AMAZON;listing_status
2f24121b-1c5e-4e73-a770-0538b78c0503;AMAZON;listing_status
e5c9c193-0316-4287-8685-1472d01e1c3f;EBAY;listing_price
abe9038f-742c-48ee-be72-0481013eac42;EBAY;listing_status
a6683a5b-72a4-4fdc-80b6-24887f3e1f31;EBAY;listing_status
e4a17bde-580c-4629-b33f-02cf0e496eeb;EBAY;listing_status
f3a8a4aa-d676-46eb-aeb0-5b1e041f27d8;EBAY;listing_status
c89f6b8b-e448-4553-b86a-b934f879ea83;AMAZON;listing_status
57e4bec4-806b-4864-bcd8-3f2a286ac93d;EBAY;listing_status
ce342a8a-617c-4b0d-8448-acdedd3bc855;EBAY;owner_email_address
e525b27e-bdf9-4d7e-a2ad-78a8689e5601;AMAZON;listing_status
34958afd-5272-4dc0-b61f-eefab26e23f8;EBAY;owner_email_address
17c2c105-259b-49a6-b2ca-3183e2f8ab79;EBAY;listing_status
287bfb47-d6e8-4667-a2ae-c80a2048f2c4;EBAY;listing_price
a11bda4d-279f-4d18-a1ec-6204d0ce4b17;EBAY;listing_status
59181f89-5783-441f-8733-e4ad4af46d57;AMAZON;listing_status
46234760-a9bc-4ede-8229-a5e598cff874;EBAY;listing_price
b476f657-55be-4825-8075-8233b90ab879;EBAY;listing_status
fd165404-46d6-4198-9642-d754ea58841b;EBAY;owner_email_address
c43513e4-53a3-4c96-9f68-c31a6b065f5a;EBAY;listing_price
fc3fe8b6-aa3e-4ed0-93cf-feb7d2486062;AMAZON;upload_time
aa4b80b5-d4b0-48e2-936f-221ed7ddde4c;EBAY;upload_time
371c36b2-3ad0-42c1-a7b5-0b6376c7431d;AMAZON;listing_status
13dfbd36-6bbd-4674-87f2-2e4eea03df1f;AMAZON;owner_email_address
cbf3ce67-fa2d-467a-a3f6-a9970bbd6981;AMAZON;listing_price
54eb4caa-a83a-4236-8281-486d7f3746d3;EBAY;listing_status
1ed19949-1eca-4d17-8b85-d29c27b67757;EBAY;listing_status
507135d2-6672-47a7-a6aa-7a901c7df26c;EBAY;owner_email_address
33f82fb8-c4d2-4bb9-a1ae-ce848bf5da98;AMAZON;listing_status
60f4336b-30fa-4936-ad21-1980731bd625;AMAZON;owner_email_address
1faedea8-f013-4523-85ad-ad56ecc6b227;AMAZON;listing_status
818f950d-6eb5-4b6d-a677-86656a9f5cab;AMAZON;listing_status
eb314b39-025e-44ba-bb7d-1dd3cd2d90f3;AMAZON;listing_status
8c7bd2dc-75dc-4e63-b55a-15d0cf8688da;AMAZON;listing_price
742e4d46-9eb3-4a65-a244-b42fe920e8c4;EBAY;owner_email_address
724a14ac-055f-45ee-ae11-afb90e697b72;EBAY;listing_price
517384e2-4c7b-43bd-9083-e42b2a84b8e8;EBAY;owner_email_address
2de93921-0a71-4c67-acf2-33d3aaa66fb8;EBAY;listing_price
aa77e376-0b1b-43e3-a7aa-1000f2b1cb1a;EBAY;upload_time
466c780e-62b5-42a1-a8b9-369ef672ac01;AMAZON;listing_status
2ed9b463-5bee-4919-899f-0e0f8365ccbc;EBAY;upload_time
06377c2a-90e5-49e4-bb20-639ac5be9b68;EBAY;listing_status
40649f8e-ab6e-42d3-9e9f-a3ebbaf1797f;EBAY;listing_status
c79865f0-6b02-4041-9bd6-4f7318ce2765;EBAY;upload_time
e923c426-50c3-43cc-b6f8-02283ebfb03e;AMAZON;listing_price
2107b5f9-26aa-43c5-9801-bed6eccbd777;AMAZON;listing_status
e0a1ac8f-061f-419b-ba82-cbcc0bd47dfa;EBAY;listing_status
26300b89-98ca-48c9-a1eb-3a0f71aa6f0e;EBAY;listing_status
19fd6e2a-648c-471c-ad46-5ad880822620;AMAZON;upload_time
b57ced0f-9ca7-4816-b788-c7b90916adf4;EBAY;listing_status
451e950e-b979-485a-96c2-86a0d09828b0;EBAY;upload_time
e1917195-1030-482a-8100-9198a3dfe6ff;AMAZON;listing_status
4d31fb98-ae20-4c01-8c3c-1d161783340b;AMAZON;listing_status
02c6292e-9f48-4479-ae71-4f4842c151a1;AMAZON;listing_status
4967e403-c31c-4a83-8d38-5076c7a1b123;AMAZON;listing_price
f25b0d9e-0eda-490f-a31c-ae1c8690655b;EBAY;owner_email_address
b6bb021f-6aba-4e4b-9170-82edafa8d782;AMAZON;listing_price
2625e594-32fc-4cdf-b644-a76b21f18ae1;AMAZON;owner_email_address
68b2abb6-ca84-4de8-aea0-5161ac7565a5;AMAZON;upload_time
8277d73e-2f28-4211-8e43-459a0555b847;EBAY;upload_time
e030b0eb-42bd-4ec5-bfd5-4bd3b026e881;EBAY;owner_email_address
885fd2c3-d86b-4605-95c1-40525da6e38b;EBAY;listing_price
be0b53e8-1ce4-468c-94fb-ecf61f2d42a6;EBAY;owner_email_address
af4d3942-d93e-4fae-b5c1-40631a5f6181;AMAZON;listing_status
87f6d31d-05e7-4c5a-9383-8272c878d593;EBAY;upload_time
bb9794f4-8d88-4382-99b1-f59d18779b6f;AMAZON;listing_status
0493f380-daaf-40ca-bf7e-7386df20398d;AMAZON;listing_status
c713ad59-54e7-4848-afae-2c326b3b4c34;AMAZON;listing_status
50cd6ccd-21c4-4f3a-a836-3a17b7f6fb59;AMAZON;upload_time
dec61944-28d9-48e7-807e-bc3e76b6cc6a;AMAZON;upload_time
8143c398-b68d-430d-b9ee-c34d31923082;EBAY;listing_price
51824063-74a5-4f9c-83c7-9461c1c00feb;AMAZON;owner_email_address
f40a02a8-0571-4408-8723-d5dfcce2d310;EBAY;owner_email_address
6bf73137-0f68-4b3d-981e-7ee1d24d7d34;AMAZON;listing_status
3b67661c-b3f7-497a-a220-5edbf8f1c905;AMAZON;listing_status
b1195133-0d91-469f-9f77-c9e5ce167f15;AMAZON;listing_status
dafd8307-e0c9-46d2-ab50-d7a8b13828c1;AMAZON;listing_status
68650261-e7f6-46b4-a226-5d011654a172;EBAY;listing_status
a94cf7fa-69f7-4e7f-9f2b-b90075f9e7cf;AMAZON;listing_price
8bdeede3-1692-4cec-94b0-e0ab41f6327b;AMAZON;listing_status
4b1bbe3d-27f9-4d27-8ae2-bf856f181079;AMAZON;listing_price
38eb23bb-0c99-4440-bd1a-49215d6bdc76;EBAY;listing_price
0b1b8601-ba69-455e-938c-ed3e39f07c8d;EBAY;owner_email_address
f81f3446-7b64-4508-97c2-cc90d1bba6d8;EBAY;upload_time
22c08671-9690-4174-aaca-684b6d017773;AMAZON;listing_status
bbcae10e-bca9-4ca1-ab92-68218b263eaa;AMAZON;listing_status
6e82e9e6-7fdb-4fef-91c3-80b2c97f3fe3;AMAZON;listing_status
d71840bd-be4c-44a7-ba1c-9854f0f6d97b;AMAZON;listing_status
565cd393-7dd9-4b48-8ed0-e22cd0ca8271;AMAZON;listing_status
e6f60708-786f-451f-9145-ee6c0e0c1a1f;AMAZON;listing_status
919d5789-6aa7-4c70-a01f-f96815c643f6;AMAZON;listing_status
7e68415d-d330-48d9-85e3-66c84172aa9d;AMAZON;listing_status
a5bfac3a-3eb7-48f1-8880-51e2f8edad38;EBAY;owner_email_address
b9ae0adf-2ad1-4df0-a33f-44b5438d55f6;EBAY;listing_status
fb689321-cd11-419c-a63d-6dde6febf3a8;EBAY;owner_email_address
891b6c4e-6e94-4b53-8bf9-fa35e724c162;AMAZON;listing_status
868fff35-4b8d-4d34-9f1e-754133bdb169;AMAZON;listing_price
9d1ebd33-fa20-433c-b954-05fdd9738078;AMAZON;owner_email_address
33a8ed21-afda-4e60-a883-5bf39f9aa566;EBAY;owner_email_address
66a3d324-cb99-4106-adc7-588adb994b7c;EBAY;listing_price
06dc3b1c-2147-41fa-a09b-5e0ffa24f8d3;EBAY;upload_time
3ac8c609-801e-4e16-b03f-a61dff4d67c5;EBAY;listing_status
403d0362-62ec-41a5-8b0c-974a93a54617;AMAZON;listing_price
f8885280-801d-46a4-92ac-872542c95c03;EBAY;owner_email_address
a74a9830-be98-471d-99b1-909523d23c87;AMAZON;listing_status
c993847e-3a36-40d8-8310-6cecf0ccbd06;EBAY;owner_email_address
a76482ae-be3d-4a98-b568-ccd6be3027b5;EBAY;listing_status
ac721e81-f58d-4184-a28b-00e2fecd8bd5;AMAZON;listing_price
d8d20009-5645-43da-a3f1-ac6b7c6201ea;EBAY;listing_price
226f553b-bfcd-49a4-a3c6-c471d91aab18;AMAZON;listing_status
b2d4f13c-ab29-4a81-b9d0-b751769d490c;EBAY;listing_price
fb596c2b-61b8-4677-94eb-0fb768c59f0e;AMAZON;listing_price
c9e3b476-49bf-47f9-b35d-ab9e38574685;AMAZON;owner_email_address
83eee6d2-9750-455c-a451-cea2913e0c62;AMAZON;listing_status
8d1497b3-cf05-4b3c-bebf-5e25070b7b41;AMAZON;listing_status
5312f04f-9b12-498f-b169-1c223c4cec26;AMAZON;listing_status
52fe2dda-c269-451b-bd63-8b96a761e910;EBAY;listing_price
809d2fc3-88e4-4882-847b-6d908ec49693;AMAZON;listing_price
841d70f4-3325-40f7-b0f8-49755fce4fdb;AMAZON;listing_status
ad3144bc-7970-4a42-b35e-6970229625ef;EBAY;listing_status
14095a2c-f723-4ebd-9604-4746f7c1bd72;AMAZON;listing_price
f8c1d3e5-e27e-4c02-8b4c-b1066fdf9fed;AMAZON;listing_price
781197e6-8f6a-4dc8-a9a7-8e9232ae06f5;AMAZON;listing_status
beedb1b0-68db-4bc5-b138-dfc4afedfea8;AMAZON;listing_status
9334be6f-0e1a-489a-8cc5-2bd1ed872940;AMAZON;owner_email_address
a4409e94-fc72-44d8-98e8-6b4f05b74d9e;EBAY;listing_price
5d9b101c-da1b-4902-bcf4-448cb45cc99d;AMAZON;listing_status
da7938ea-0f0a-46b2-9a32-d69aaa8adacc;EBAY;owner_email_address
b95749e5-3cc4-469d-b4e7-f266dd5ed628;EBAY;listing_status
0d8d36e7-d1f1-4dea-b3f5-33139ad0ded0;EBAY;upload_time
9b567797-184c-4f60-a191-942dea9ea453;AMAZON;upload_time
7b378d23-353f-4ead-9ebf-29554637c66d;EBAY;listing_price
fb8dab3a-d9c1-4b0e-b1d6-5350ec614e66;EBAY;listing_status
5f78be2f-ec12-4849-922b-338fe7d128fa;EBAY;listing_status
dd0e7fff-3616-4580-80c0-440999b63fc8;AMAZON;listing_status
2d0ccd7c-31fa-404c-aacd-b9c594e931f5;EBAY;listing_status
a39e3504-8a46-4759-b4ed-46c0baabc576;AMAZON;upload_time
20325eca-cf40-43ba-94d0-066a724a9c1c;EBAY;upload_time
4bd2490a-339a-46c1-ae49-9cf1f456e110;EBAY;owner_email_address
77f9b01c-1039-4754-b504-3aeb4006755e;AMAZON;listing_status
d37d3788-a0bb-4fbd-b9cc-4202dde26210;AMAZON;listing_price
44803b35-64ae-4712-b596-5efa8c24fbd3;AMAZON;listing_price
6e6a4e23-459b-4f92-a97e-fadb07b4cd11;AMAZON;owner_email_address
3dd88e50-2b00-43ee-bc3e-4a3ac2ead68e;EBAY;listing_status
29a30c6d-4559-4199-a871-7589b54670d8;EBAY;listing_status
949b5271-f5ab-4417-a475-6996d97223f0;EBAY;listing_status
6637bea7-d5b5-4293-9a94-4de14a394a2d;EBAY;owner_email_address
30ee7a9f-20a9-4ad9-bf35-56a71c3d77ff;AMAZON;owner_email_address
07c5bc2f-ccf9-4cd5-9ed4-61030f6f232d;AMAZON;listing_status
1c3e6f9f-5f10-4e59-984f-14bc3a6965fb;AMAZON;owner_email_address
872515d3-3642-49d3-9efd-7ecd602deb32;AMAZON;owner_email_address
44ff9fe4-4c09-4558-afa8-cff610ac70ca;AMAZON;listing_price
f0046e80-6155-45b3-9f28-191dab6f4ce6;AMAZON;owner_email_address
3b000663-9f8c-48e0-bd25-60c1122772ea;AMAZON;listing_status
554dc097-a971-401b-87ae-fab93d327df5;AMAZON;listing_price
095c4e5d-d4b7-4cac-b949-5e473cb2c9cc;EBAY;listing_status
e447a51e-db84-4609-be9f-551e754c6846;AMAZON;listing_status
5be21a43-bb43-4c02-aca6-3f464d156622;EBAY;owner_email_address
9d4ad12d-0343-4eee-88a9-8fd196d51d5b;EBAY;listing_price
a5bd22a5-9057-4103-80a7-6f60c799dbaf;AMAZON;listing_price
42950915-30c1-42c4-bad4-163ebe89b5e7;AMAZON;listing_status
e23edd35-17c2-4d7e-b97b-c148f5932e00;AMAZON;owner_email_address
eb5a8fec-7937-4ecb-851e-8ef0735526a3;AMAZON;owner_email_address
262a067b-6909-4374-a30e-083f310f65d5;EBAY;listing_status
66bf863b-0bea-4a6e-b52e-c0b7b0214aef;AMAZON;listing_status
d6f2ad78-0b43-42c0-9f0f-a85f00790d70;AMAZON;listing_status
bcd01787-9848-49d4-ba33-a7a6dc5d6888;AMAZON;owner_email_address
17e8987b-fe51-47a8-bde3-10c13204de8d;EBAY;listing_status
bdd3310c-a1eb-4068-bf9e-ed759d6e113e;AMAZON;listing_status
6869fbe5-07f7-4be7-8296-9dfc4ea88438;EBAY;listing_status
e23b9eb8-7e3b-40e4-88cc-ca3b11e04cde;EBAY;listing_status
599bf106-7c8d-4626-b92a-e880c14c5699;AMAZON;upload_time
11b62055-dd36-48e6-9d69-2fe87737d0be;AMAZON;upload_time
32439d73-6973-4c76-a3c3-57b2ca9613c9;EBAY;listing_status
8e84f475-98be-4561-b97c-e40a2521f427;EBAY;listing_status
46d054f7-9e65-45e2-856b-d6153ed1c9ef;AMAZON;listing_price
ffc3cd86-7d01-48ce-b64c-05c2c4787a78;AMAZON;listing_status
f0374236-ee73-454f-a3d2-d3b5665b2bb6;AMAZON;listing_status
a7b03ede-b0c4-422b-867c-6f0dd7e3f486;AMAZON;owner_email_address
586ebe5b-2625-4b8f-af6e-35d581374ee1;AMAZON;listing_status
c61f2d3b-0459-4395-b243-9e0585eaa6e3;AMAZON;listing_status
c0cb634c-a3fa-4e07-a257-08084a665f9b;EBAY;owner_email_address
c096a55d-ff84-4def-8cf0-2b9053d3116a;AMAZON;listing_status
80ef5cd1-36c8-41d2-9399-298fbff47987;EBAY;owner_email_address
ffb24d5a-19b5-4042-a9f3-aa8677b4fe98;AMAZON;owner_email_address
0d0de4cc-032b-4ad2-bafb-c3cecc9941f8;EBAY;listing_status
7d0ddb2e-d8bf-4179-b05d-1c7ee9095adc;EBAY;owner_email_address
5fee34c7-98e0-4935-881e-1448ed8d86e0;AMAZON;owner_email_address
9aa34b04-c66b-4ac6-8d3b-86f0bdde0457;EBAY;upload_time
a0601c5b-10e9-44dc-a32d-2beacc9f51e2;AMAZON;listing_status
ff3eae19-d3ab-43d7-8947-ec8ac05d5b32;AMAZON;listing_status
66089c61-7ea7-4bed-a24d-83950e98d5c8;AMAZON;listing_status
5270fcc8-2bf1-4e06-a368-63cc1b33dceb;EBAY;upload_time
9cb32715-8185-472d-a083-062650963e1a;AMAZON;listing_price
5d9e922c-33fe-422d-a108-1fb05f3acf16;EBAY;upload_time
076c4ea8-eaf1-46cc-96db-997dfba91003;EBAY;upload_time
ced81f36-b1a3-4141-bf21-d5c54705973b;EBAY;owner_email_address
0abe6c91-2285-4e92-8591-a4ceb4baf0f3;AMAZON;listing_status
58af6ea7-3812-4341-801f-bc29d7d500b7;AMAZON;listing_status
e206e4cc-3c8f-447d-ab35-5ce68f477bdd;EBAY;listing_status
b5790ae8-db5f-4360-9fbc-1835d97e927a;EBAY;listing_status
62480670-6c0d-4aa7-a1c6-47bbdfa4a460;EBAY;listing_status
bce07d29-4b78-4bd4-9445-3a26abb31336;EBAY;owner_email_address
914b01f7-6619-42c2-b841-e88f86983b04;EBAY;listing_status
e38f7769-8740-432b-adbc-9892028eeb2b;AMAZON;listing_status
a98b3f18-afe4-494b-997a-acbcb2a13e32;EBAY;owner_email_address
560c0efe-a7e5-41ec-a20d-44cb74917d6c;AMAZON;upload_time
6936e1a8-bc50-4981-8e15-4e3ea68d9730;AMAZON;owner_email_address
73f17a62-8245-4584-ae8f-345234c3c96e;AMAZON;listing_status
48cbd08e-ed84-4257-bf3c-2967b866a90e;EBAY;listing_status
2bc79fd3-c71c-4314-a74b-d3d041c36d8d;AMAZON;listing_status
ae4ddcf1-d872-432d-93a0-9d7bf671b7f3;AMAZON;listing_price
8c5904c6-f73d-4631-ba1f-2b8fc8216aba;AMAZON;listing_status
3a60aa12-8bd0-40e7-8159-bc5fc8dc6778;AMAZON;listing_status
c0c633b8-7bf3-4a58-a802-97728daf7567;EBAY;owner_email_address
ca0a3f8b-abb0-4dbc-bf18-812d400a3bfa;EBAY;owner_email_address
6c199bc5-cad3-489e-9089-b17883d80471;AMAZON;owner_email_address
82ca5c8d-b23b-491c-be88-af3a535d19b1;EBAY;listing_status
17a801d8-42b6-4796-bfb8-383dfc6302c6;EBAY;listing_price
9c1478c0-3b1d-4ecb-96f7-df07b63076ab;AMAZON;owner_email_address
9d077eb1-dafe-48c5-8e6e-63e7747b4a50;AMAZON;owner_email_address
d8b4983e-a800-4ec1-9029-7fb8d98d22ac;EBAY;upload_time
b6c49610-f7ca-44a8-b6d1-43cb23b00713;AMAZON;listing_status
17a2e566-3683-4037-b82a-7e966a4c4d21;AMAZON;owner_email_address
93f9bafa-7893-4b61-9415-cd3302b1016e;EBAY;listing_status
c7fa61bc-cc7f-4c85-82ad-1d66ecdb5726;EBAY;listing_status
5ea9cbce-31c1-435e-9064-093fa1def40e;EBAY;listing_status
26f058a1-219d-47b3-ad8f-6a8e7467e305;EBAY;owner_email_address
dd58d0e6-1c7d-4c7b-8380-67294d741a09;EBAY;listing_status
a76bd9fa-f062-47dd-8f1e-1e209fae9cd2;AMAZON;listing_price
6eea0916-9c38-445f-9ec0-9784077aacca;EBAY;upload_time
0565f42b-00dd-458d-9065-dffac8cda4a4;AMAZON;listing_status
34bd8773-4c59-45a5-b5bf-d9d13f3a410e;EBAY;listing_status
ad2d22bc-9577-4609-8731-b2611599537a;AMAZON;listing_price
72621f7c-9efc-4678-9539-ba463092dfe2;EBAY;owner_email_address
3c39db5b-6ab0-4e72-afa6-a09ca1c27acf;AMAZON;listing_status
1fce62c5-b4bf-46b8-ada5-ff922b4cf4b1;AMAZON;upload_time
ec89342e-9446-450d-8fbe-a6ed2799dbe9;AMAZON;owner_email_address
1b72f28c-879a-41f9-bc66-0c12f91fce21;AMAZON;owner_email_address
3df3a6e9-5f80-4a86-9b36-c940bc9b2041;EBAY;listing_status
6a84edc2-7c02-4ad0-b7d2-8ddb5fdd386d;AMAZON;owner_email_address
408bde02-3327-4c50-aa65-2842bc001253;EBAY;upload_time
948a2f4b-158d-4c81-9ca9-f2cf8b8a4bf2;AMAZON;listing_status
6662bce5-6025-4d93-a59e-494d5fcd41d7;EBAY;owner_email_address
233b4848-ac3f-4fc6-bfe9-0618817a36e5;AMAZON;listing_status
dbf1629c-4301-4f0f-89ae-b2147d096379;EBAY;listing_status
f87906a0-3fe5-47b8-bf30-d518920e14ef;AMAZON;owner_email_address
e240a63b-d04e-423a-86db-82d7c6c3495f;AMAZON;owner_email_address
4f142ce2-4b55-4b2c-86ee-126d5af25959;EBAY;listing_status
ef6d6d23-9801-40b0-9266-47bd29b5dc6d;AMAZON;listing_status
0d9a94ec-cfd7-40d7-9447-7a16c3d09af1;EBAY;upload_time
8c044fd7-1288-4e98-8286-0b6a55d7d0d2;EBAY;listing_status
554d302f-7265-4e91-9cba-7c4540aba393;EBAY;upload_time
2b049445-30bc-49fc-b075-e0ea42303871;AMAZON;owner_email_address
4bfabd03-e61a-4fd1-89a1-57bd81094626;EBAY;listing_status
d21ca7c4-96a6-4638-875d-c2a3a64c17bd;EBAY;listing_status
a6988bf1-e3c2-4127-a253-1217bc4e870c;AMAZON;listing_status
d76fba8e-c7ec-4e0f-8de6-d72dfec7c963;EBAY;upload_time
67375289-e129-4741-a8c0-321cac3ff35b;EBAY;listing_status
2a305d9e-f58c-40dd-83f3-76467bdbe1c9;AMAZON;owner_email_address
50625df3-daeb-4f73-aaaf-8b9903573690;AMAZON;listing_price
0d11f45e-22d8-4b47-b663-9c62cb30a936;EBAY;owner_email_address
1a0592fe-3a28-4166-b178-8c3b62503b0f;AMAZON;upload_time
b1a9b072-e977-456e-8cdd-f74ca0cafdd0;EBAY;listing_status
1b342a02-1820-40a2-a663-779b1f7b334f;EBAY;listing_status
3b56a4fc-ced7-41db-acf6-1ddc6de6ecd7;AMAZON;listing_status
caa91d4d-da0c-493f-bbc1-f2c9e37d7681;AMAZON;owner_email_address
50837f64-5e30-44ab-aa84-3a081f6cee4d;AMAZON;listing_status
bab18add-ed56-435f-bdd6-1f6e514941b9;EBAY;listing_status
7af3fb76-209b-428c-8ee9-39ccf48b2975;EBAY;listing_status
4a3cada5-0310-4f26-b876-52b08bcaf7aa;AMAZON;listing_price
aff3473c-8a6a-4c12-bf8a-52281a926ced;EBAY;owner_email_address
d0b52116-62db-4f35-9476-396c715eefc3;EBAY;listing_status
d188132d-38ef-4a7d-a3a0-ab379f710aac;EBAY;listing_status
a3029a98-faff-4e0e-a8b0-5ab82eeeedb3;EBAY;upload_time
6799ceee-97cb-4fd9-b810-5cd2b3deb010;EBAY;listing_status
09ecb906-6a5f-4169-86e5-9a7f61704e89;EBAY;owner_email_address
dc15448b-8655-461d-8653-2d560e921f06;AMAZON;listing_status
ccc39471-acc1-4e21-a156-1a26b0be4190;EBAY;listing_status
f3914b6a-c864-42ee-9d76-c454759809e7;AMAZON;owner_email_address
28b97e9a-50a0-4492-9010-abf6ae436feb;AMAZON;owner_email_address
13efaee2-942f-4b4c-8540-9883c5a1e88c;EBAY;listing_status
114da5c4-9bfa-496a-b133-95fd681f62f9;EBAY;listing_status
99d42a9d-9480-4649-866b-86b7f849008b;AMAZON;upload_time
e5059b59-0c48-42c0-b296-51b3efc04fc5;AMAZON;upload_time
33f70a80-38a2-4efa-9554-393d8d359698;AMAZON;listing_price
d5e97cab-aebf-41ad-9608-76be8102f2bf;AMAZON;listing_status
0ebceca8-8a51-4eca-8a80-5e305f8b8b5b;EBAY;owner_email_address
1f888359-c1e2-4628-9832-c9e8a8c90c15;AMAZON;listing_status
60a25f86-2bf9-4b07-a997-b33ddef80390;EBAY;owner_email_address
e9d9fbf0-274f-4850-a6cf-2473f8008efb;AMAZON;listing_price
cbde987e-d208-47cf-bccf-529aff1512e4;AMAZON;upload_time
d1b000de-5420-4ca5-b264-42b3a604b0b4;AMAZON;owner_email_address
82f47d7f-adc4-479f-8a3e-7e083c050800;EBAY;listing_status
ee3526bd-9891-432e-b666-570e9183a60e;AMAZON;listing_price
77a3b968-b66b-466b-99dd-50259a106c9c;EBAY;owner_email_address
b87e4aae-a5c3-4b3a-9ced-d0c8b9edf3b8;AMAZON;listing_status
bdc1791b-910e-4657-83de-b9508f3e04e4;AMAZON;owner_email_address
8bfc2a1c-ad21-4e8a-a493-23646c1d7c3b;EBAY;listing_status
df4b7fbc-6fed-4138-a270-f4afc1de1994;EBAY;listing_status
8a921994-f718-4e02-96b0-fbaf5e1032ad;AMAZON;listing_price
6348d6ff-aa1d-41ec-85e2-8cb54169e3f2;EBAY;owner_email_address
6effd93d-e208-43cc-8ae9-5c4051ae027d;AMAZON;owner_email_address
e39b14ab-656f-42c3-a737-ecea064f235f;EBAY;upload_time
7f070491-a8e3-410a-b612-f3c6045fd06a;AMAZON;upload_time
6e2c2661-c8c3-4590-be96-0b74f946fd67;EBAY;owner_email_address
9464c561-eca0-4abb-bee0-70021ddcb4bd;EBAY;listing_status
5ba96c07-2653-4652-9c9e-e9ece88d1b7a;EBAY;owner_email_address
1deb57f8-4ae7-4ae1-bcc7-d9fb7c344de6;AMAZON;upload_time
2552c73d-7858-401d-9a75-678debf2f4ca;AMAZON;listing_status
209a624f-9921-4176-aace-2caa1cea4058;AMAZON;owner_email_address
ee1d1078-b737-4e85-b62b-3fca3eead0b3;AMAZON;upload_time
48e17544-3412-4cfa-9e30-d0d69076d633;EBAY;listing_status
6bde3e46-fe7e-4899-8a84-84d787ef42c3;EBAY;listing_status
29f9e453-a843-4724-a5a7-e9f06f7afbfb;AMAZON;upload_time
b8441128-37b7-4589-b7ae-7957c66dbdc8;AMAZON;listing_status
ba4fae6a-87ea-4a06-a33f-a5000ef9e5fc;EBAY;listing_status
2dc62d63-76c6-4ab0-947a-6a1831b8f2cd;EBAY;listing_status
cf5f4abe-fbdd-4330-89ac-9c0fb86694fc;AMAZON;upload_time
735cf6ae-0d20-4733-83b6-a9dd283249a5;EBAY;listing_status
0beb8804-e456-4a77-9bd9-ef5936b100f5;EBAY;listing_status
273b3003-0253-4a85-8c28-50b4a6933154;EBAY;listing_status
0675acf2-d34c-4b74-884f-28ce57c01361;AMAZON;upload_time
8e6ca06b-fbb8-436c-a02a-90db3aca077e;EBAY;upload_time
41b88258-5dcd-4d09-89b3-c1a92ff8a11c;EBAY;upload_time
0eb630e7-8976-4a93-b310-64c881c05e54;EBAY;listing_status
938b7e29-41cd-4c9c-896a-9d0b24ba4736;AMAZON;listing_status
